source_file,instance,seed,rank,crossover,mutation,best_ga,gap_to_best_known,improvement_vs_seed,initial_best,logged_best,improvement_gen0,final_avg,final_std,n_gen_executed,n_evals,n_unique_schedules,stop_reason
j12026_10_operator_comparison_seed42.csv,j12026_10,42,1,uniform_order,adjacent_swap,176.0,-7.0,43.0,219.0,176.0,43.0,177.96,0.28,100,4571,0,max_generations
j12026_10_operator_comparison_seed42.csv,j12026_10,42,2,decuple,adjacent_swap,178.0,-5.0,41.0,219.0,178.0,41.0,178.0,0.0,100,4573,0,max_generations
j12026_10_operator_comparison_seed42.csv,j12026_10,42,3,uniform_order,insertion_window,178.0,-5.0,41.0,219.0,178.0,41.0,181.92,0.5600000000000002,100,4637,0,max_generations
j12026_10_operator_comparison_seed42.csv,j12026_10,42,4,decuple,consensus_reorder,180.0,-3.0,39.0,219.0,180.0,39.0,180.0,0.0,100,4633,0,max_generations
j12026_10_operator_comparison_seed42.csv,j12026_10,42,5,decuple,insertion_window,180.0,-3.0,39.0,219.0,180.0,39.0,180.0,0.0,100,4639,0,max_generations
j12026_10_operator_comparison_seed42.csv,j12026_10,42,6,uniform_order,swap,182.0,-1.0,37.0,219.0,182.0,37.0,182.0,0.0,100,4587,0,max_generations
j12026_10_operator_comparison_seed42.csv,j12026_10,42,7,decuple,swap,182.0,-1.0,37.0,219.0,182.0,37.0,182.0,0.0,100,4641,0,max_generations
j12026_10_operator_comparison_seed42.csv,j12026_10,42,8,uniform_order,consensus_reorder,183.0,0.0,36.0,219.0,183.0,36.0,186.4,1.131370849898476,100,4602,0,max_generations
j12026_10_operator_comparison_seed42.csv,j12026_10,42,9,one_point,insertion_window,203.0,20.0,16.0,219.0,203.0,16.0,203.76,0.42708313008125237,100,4596,0,max_generations
j12026_10_operator_comparison_seed42.csv,j12026_10,42,10,one_point,adjacent_swap,204.0,21.0,15.0,219.0,204.0,15.0,204.0,0.0,100,4603,0,max_generations
j12026_10_operator_comparison_seed42.csv,j12026_10,42,11,two_point,swap,205.0,22.0,14.0,219.0,205.0,14.0,205.0,0.0,100,4596,0,max_generations
j12026_10_operator_comparison_seed42.csv,j12026_10,42,12,two_point,consensus_reorder,205.0,22.0,14.0,219.0,205.0,14.0,205.0,0.0,100,4616,0,max_generations
j12026_10_operator_comparison_seed42.csv,j12026_10,42,13,two_point,insertion_window,207.0,24.0,12.0,219.0,207.0,12.0,207.0,0.0,100,4595,0,max_generations
j12026_10_operator_comparison_seed42.csv,j12026_10,42,14,one_point,swap,209.0,26.0,10.0,219.0,209.0,10.0,209.0,0.0,100,4590,0,max_generations
j12026_10_operator_comparison_seed42.csv,j12026_10,42,15,one_point,consensus_reorder,211.0,28.0,8.0,219.0,211.0,8.0,211.0,0.0,100,4628,0,max_generations
j12026_10_operator_comparison_seed42.csv,j12026_10,42,16,two_point,adjacent_swap,212.0,29.0,7.0,219.0,212.0,7.0,212.0,0.0,100,4584,0,max_generations
j12031_10_operator_comparison_seed42.csv,j12031_10,42,1,uniform_order,adjacent_swap,237.0,12.0,29.0,266.0,237.0,29.0,237.0,0.0,100,4571,0,max_generations
j12031_10_operator_comparison_seed42.csv,j12031_10,42,2,uniform_order,swap,238.0,13.0,28.0,266.0,238.0,28.0,238.0,0.0,100,4587,0,max_generations
j12031_10_operator_comparison_seed42.csv,j12031_10,42,3,uniform_order,insertion_window,240.0,15.0,26.0,266.0,240.0,26.0,240.0,0.0,100,4609,0,max_generations
j12031_10_operator_comparison_seed42.csv,j12031_10,42,4,uniform_order,consensus_reorder,242.0,17.0,24.0,266.0,242.0,24.0,246.36,1.2768711759609894,100,4584,0,max_generations
j12031_10_operator_comparison_seed42.csv,j12031_10,42,5,decuple,consensus_reorder,245.0,20.0,21.0,266.0,245.0,21.0,245.0,0.0,100,4589,0,max_generations
j12031_10_operator_comparison_seed42.csv,j12031_10,42,6,decuple,adjacent_swap,248.0,23.0,18.0,266.0,248.0,18.0,248.56,0.6053098380168622,100,4573,0,max_generations
j12031_10_operator_comparison_seed42.csv,j12031_10,42,7,decuple,insertion_window,248.0,23.0,18.0,266.0,248.0,18.0,248.0,0.0,100,4638,0,max_generations
j12031_10_operator_comparison_seed42.csv,j12031_10,42,8,decuple,swap,250.0,25.0,16.0,266.0,250.0,16.0,250.0,0.0,100,4641,0,max_generations
j12031_10_operator_comparison_seed42.csv,j12031_10,42,9,two_point,insertion_window,252.0,27.0,14.0,266.0,252.0,14.0,252.0,0.0,100,4611,0,max_generations
j12031_10_operator_comparison_seed42.csv,j12031_10,42,10,two_point,consensus_reorder,256.0,31.0,10.0,266.0,256.0,10.0,256.0,0.0,100,4590,0,max_generations
j12031_10_operator_comparison_seed42.csv,j12031_10,42,11,two_point,swap,256.0,31.0,10.0,266.0,256.0,10.0,256.0,0.0,100,4596,0,max_generations
j12031_10_operator_comparison_seed42.csv,j12031_10,42,12,two_point,adjacent_swap,260.0,35.0,6.0,266.0,260.0,6.0,260.0,0.0,100,4584,0,max_generations
j12031_10_operator_comparison_seed42.csv,j12031_10,42,13,one_point,insertion_window,260.0,35.0,6.0,266.0,260.0,6.0,260.0,0.0,100,4585,0,max_generations
j12031_10_operator_comparison_seed42.csv,j12031_10,42,14,one_point,swap,260.0,35.0,6.0,266.0,260.0,6.0,260.0,0.0,100,4590,0,max_generations
j12031_10_operator_comparison_seed42.csv,j12031_10,42,15,one_point,consensus_reorder,260.0,35.0,6.0,266.0,260.0,6.0,260.0,0.0,100,4609,0,max_generations
j12031_10_operator_comparison_seed42.csv,j12031_10,42,16,one_point,adjacent_swap,261.0,36.0,5.0,266.0,261.0,5.0,261.0,0.0,100,4603,0,max_generations
j12036_6_operator_comparison_seed42.csv,j12036_6,42,1,uniform_order,consensus_reorder,245.0,21.0,18.0,263.0,245.0,18.0,245.0,0.0,100,4567,0,max_generations
j12036_6_operator_comparison_seed42.csv,j12036_6,42,2,decuple,adjacent_swap,245.0,21.0,18.0,263.0,245.0,18.0,245.0,0.0,100,4573,0,max_generations
j12036_6_operator_comparison_seed42.csv,j12036_6,42,3,uniform_order,swap,246.0,22.0,17.0,263.0,246.0,17.0,246.0,0.0,100,4587,0,max_generations
j12036_6_operator_comparison_seed42.csv,j12036_6,42,4,decuple,swap,249.0,25.0,14.0,263.0,249.0,14.0,249.0,0.0,100,4641,0,max_generations
j12036_6_operator_comparison_seed42.csv,j12036_6,42,5,decuple,insertion_window,250.0,26.0,13.0,263.0,250.0,13.0,250.0,0.0,100,4619,0,max_generations
j12036_6_operator_comparison_seed42.csv,j12036_6,42,6,uniform_order,insertion_window,251.0,27.0,12.0,263.0,251.0,12.0,252.48,0.8059776671843953,100,4568,0,max_generations
j12036_6_operator_comparison_seed42.csv,j12036_6,42,7,uniform_order,adjacent_swap,251.0,27.0,12.0,263.0,251.0,12.0,251.0,0.0,100,4571,0,max_generations
j12036_6_operator_comparison_seed42.csv,j12036_6,42,8,one_point,consensus_reorder,251.0,27.0,12.0,263.0,251.0,12.0,251.0,0.0,100,4610,0,max_generations
j12036_6_operator_comparison_seed42.csv,j12036_6,42,9,decuple,consensus_reorder,252.0,28.0,11.0,263.0,252.0,11.0,252.0,0.0,100,4644,0,max_generations
j12036_6_operator_comparison_seed42.csv,j12036_6,42,10,one_point,insertion_window,253.0,29.0,10.0,263.0,253.0,10.0,253.0,0.0,100,4563,0,max_generations
j12036_6_operator_comparison_seed42.csv,j12036_6,42,11,one_point,swap,253.0,29.0,10.0,263.0,253.0,10.0,253.0,0.0,100,4590,0,max_generations
j12036_6_operator_comparison_seed42.csv,j12036_6,42,12,two_point,insertion_window,253.0,29.0,10.0,263.0,253.0,10.0,253.0,0.0,100,4598,0,max_generations
j12036_6_operator_comparison_seed42.csv,j12036_6,42,13,one_point,adjacent_swap,253.0,29.0,10.0,263.0,253.0,10.0,253.0,0.0,100,4603,0,max_generations
j12036_6_operator_comparison_seed42.csv,j12036_6,42,14,two_point,consensus_reorder,254.0,30.0,9.0,263.0,254.0,9.0,254.0,0.0,100,4609,0,max_generations
j12036_6_operator_comparison_seed42.csv,j12036_6,42,15,two_point,adjacent_swap,255.0,31.0,8.0,263.0,255.0,8.0,255.0,0.0,100,4584,0,max_generations
j12036_6_operator_comparison_seed42.csv,j12036_6,42,16,two_point,swap,257.0,33.0,6.0,263.0,257.0,6.0,257.0,0.0,100,4596,0,max_generations
j12051_5_operator_comparison_seed42.csv,j12051_5,42,1,uniform_order,adjacent_swap,236.0,7.0,30.0,266.0,236.0,30.0,236.0,0.0,100,4571,0,max_generations
j12051_5_operator_comparison_seed42.csv,j12051_5,42,2,decuple,adjacent_swap,242.0,13.0,24.0,266.0,242.0,24.0,244.7,0.9,100,4573,0,max_generations
j12051_5_operator_comparison_seed42.csv,j12051_5,42,3,decuple,insertion_window,243.0,14.0,23.0,266.0,243.0,23.0,243.0,0.0,100,4560,0,max_generations
j12051_5_operator_comparison_seed42.csv,j12051_5,42,4,uniform_order,insertion_window,243.0,14.0,23.0,266.0,243.0,23.0,243.44,0.4963869458396343,100,4606,0,max_generations
j12051_5_operator_comparison_seed42.csv,j12051_5,42,5,uniform_order,swap,246.0,17.0,20.0,266.0,246.0,20.0,246.0,0.0,100,4587,0,max_generations
j12051_5_operator_comparison_seed42.csv,j12051_5,42,6,decuple,swap,246.0,17.0,20.0,266.0,246.0,20.0,246.0,0.0,100,4641,0,max_generations
j12051_5_operator_comparison_seed42.csv,j12051_5,42,7,decuple,consensus_reorder,248.0,19.0,18.0,266.0,248.0,18.0,248.0,0.0,100,4609,0,max_generations
j12051_5_operator_comparison_seed42.csv,j12051_5,42,8,uniform_order,consensus_reorder,250.0,21.0,16.0,266.0,250.0,16.0,251.92,0.39191835884530846,100,4591,0,max_generations
j12051_5_operator_comparison_seed42.csv,j12051_5,42,9,two_point,swap,253.0,24.0,13.0,266.0,253.0,13.0,253.0,0.0,100,4596,0,max_generations
j12051_5_operator_comparison_seed42.csv,j12051_5,42,10,two_point,consensus_reorder,253.0,24.0,13.0,266.0,253.0,13.0,253.0,0.0,100,4652,0,max_generations
j12051_5_operator_comparison_seed42.csv,j12051_5,42,11,one_point,swap,254.0,25.0,12.0,266.0,254.0,12.0,255.88,0.4749736834815167,100,4590,0,max_generations
j12051_5_operator_comparison_seed42.csv,j12051_5,42,12,one_point,adjacent_swap,256.0,27.0,10.0,266.0,256.0,10.0,256.0,0.0,100,4603,0,max_generations
j12051_5_operator_comparison_seed42.csv,j12051_5,42,13,one_point,consensus_reorder,256.0,27.0,10.0,266.0,256.0,10.0,256.0,0.0,100,4604,0,max_generations
j12051_5_operator_comparison_seed42.csv,j12051_5,42,14,one_point,insertion_window,257.0,28.0,9.0,266.0,257.0,9.0,257.0,0.0,100,4577,0,max_generations
j12051_5_operator_comparison_seed42.csv,j12051_5,42,15,two_point,insertion_window,258.0,29.0,8.0,266.0,258.0,8.0,258.64,0.48,100,4590,0,max_generations
j12051_5_operator_comparison_seed42.csv,j12051_5,42,16,two_point,adjacent_swap,260.0,31.0,6.0,266.0,260.0,6.0,260.0,0.0,100,4584,0,max_generations
j12051_6_operator_comparison_seed42.csv,j12051_6,42,1,uniform_order,swap,220.0,6.0,36.0,256.0,220.0,36.0,220.0,0.0,100,4587,0,max_generations
j12051_6_operator_comparison_seed42.csv,j12051_6,42,2,decuple,adjacent_swap,222.0,8.0,34.0,256.0,222.0,34.0,222.0,0.0,100,4573,0,max_generations
j12051_6_operator_comparison_seed42.csv,j12051_6,42,3,uniform_order,consensus_reorder,222.0,8.0,34.0,256.0,222.0,34.0,222.0,0.0,100,4587,0,max_generations
j12051_6_operator_comparison_seed42.csv,j12051_6,42,4,uniform_order,insertion_window,222.0,8.0,34.0,256.0,222.0,34.0,222.0,0.0,100,4609,0,max_generations
j12051_6_operator_comparison_seed42.csv,j12051_6,42,5,uniform_order,adjacent_swap,226.0,12.0,30.0,256.0,226.0,30.0,226.0,0.0,100,4571,0,max_generations
j12051_6_operator_comparison_seed42.csv,j12051_6,42,6,decuple,insertion_window,226.0,12.0,30.0,256.0,226.0,30.0,226.0,0.0,100,4611,0,max_generations
j12051_6_operator_comparison_seed42.csv,j12051_6,42,7,decuple,consensus_reorder,229.0,15.0,27.0,256.0,229.0,27.0,230.96,0.28,100,4646,0,max_generations
j12051_6_operator_comparison_seed42.csv,j12051_6,42,8,decuple,swap,230.0,16.0,26.0,256.0,230.0,26.0,230.0,0.0,100,4641,0,max_generations
j12051_6_operator_comparison_seed42.csv,j12051_6,42,9,two_point,swap,233.0,19.0,23.0,256.0,233.0,23.0,233.0,0.0,100,4596,0,max_generations
j12051_6_operator_comparison_seed42.csv,j12051_6,42,10,two_point,adjacent_swap,245.0,31.0,11.0,256.0,245.0,11.0,245.0,0.0,100,4584,0,max_generations
j12051_6_operator_comparison_seed42.csv,j12051_6,42,11,one_point,adjacent_swap,245.0,31.0,11.0,256.0,245.0,11.0,245.0,0.0,100,4603,0,max_generations
j12051_6_operator_comparison_seed42.csv,j12051_6,42,12,two_point,consensus_reorder,245.0,31.0,11.0,256.0,245.0,11.0,245.0,0.0,100,4621,0,max_generations
j12051_6_operator_comparison_seed42.csv,j12051_6,42,13,one_point,insertion_window,247.0,33.0,9.0,256.0,247.0,9.0,247.0,0.0,100,4558,0,max_generations
j12051_6_operator_comparison_seed42.csv,j12051_6,42,14,two_point,insertion_window,248.0,34.0,8.0,256.0,248.0,8.0,248.0,0.0,100,4605,0,max_generations
j12051_6_operator_comparison_seed42.csv,j12051_6,42,15,one_point,swap,249.0,35.0,7.0,256.0,249.0,7.0,249.0,0.0,100,4590,0,max_generations
j12051_6_operator_comparison_seed42.csv,j12051_6,42,16,one_point,consensus_reorder,250.0,36.0,6.0,256.0,250.0,6.0,250.0,0.0,100,4647,0,max_generations
j12051_7_operator_comparison_seed42.csv,j12051_7,42,1,decuple,insertion_window,216.0,5.0,31.0,247.0,216.0,31.0,216.0,0.0,100,4572,0,max_generations
j12051_7_operator_comparison_seed42.csv,j12051_7,42,2,uniform_order,insertion_window,216.0,5.0,31.0,247.0,216.0,31.0,216.0,0.0,100,4609,0,max_generations
j12051_7_operator_comparison_seed42.csv,j12051_7,42,3,uniform_order,adjacent_swap,217.0,6.0,30.0,247.0,217.0,30.0,217.0,0.0,100,4571,0,max_generations
j12051_7_operator_comparison_seed42.csv,j12051_7,42,4,uniform_order,swap,218.0,7.0,29.0,247.0,218.0,29.0,218.0,0.0,100,4587,0,max_generations
j12051_7_operator_comparison_seed42.csv,j12051_7,42,5,uniform_order,consensus_reorder,218.0,7.0,29.0,247.0,218.0,29.0,219.96,0.28,100,4604,0,max_generations
j12051_7_operator_comparison_seed42.csv,j12051_7,42,6,decuple,adjacent_swap,221.0,10.0,26.0,247.0,221.0,26.0,221.0,0.0,100,4573,0,max_generations
j12051_7_operator_comparison_seed42.csv,j12051_7,42,7,decuple,consensus_reorder,221.0,10.0,26.0,247.0,221.0,26.0,221.0,0.0,100,4617,0,max_generations
j12051_7_operator_comparison_seed42.csv,j12051_7,42,8,decuple,swap,221.0,10.0,26.0,247.0,221.0,26.0,221.0,0.0,100,4641,0,max_generations
j12051_7_operator_comparison_seed42.csv,j12051_7,42,9,two_point,swap,231.0,20.0,16.0,247.0,231.0,16.0,231.0,0.0,100,4596,0,max_generations
j12051_7_operator_comparison_seed42.csv,j12051_7,42,10,one_point,insertion_window,234.0,23.0,13.0,247.0,234.0,13.0,234.0,0.0,100,4561,0,max_generations
j12051_7_operator_comparison_seed42.csv,j12051_7,42,11,one_point,swap,238.0,27.0,9.0,247.0,238.0,9.0,238.0,0.0,100,4590,0,max_generations
j12051_7_operator_comparison_seed42.csv,j12051_7,42,12,two_point,insertion_window,238.0,27.0,9.0,247.0,238.0,9.0,238.0,0.0,100,4602,0,max_generations
j12051_7_operator_comparison_seed42.csv,j12051_7,42,13,one_point,adjacent_swap,238.0,27.0,9.0,247.0,238.0,9.0,238.0,0.0,100,4603,0,max_generations
j12051_7_operator_comparison_seed42.csv,j12051_7,42,14,one_point,consensus_reorder,238.0,27.0,9.0,247.0,238.0,9.0,238.0,0.0,100,4619,0,max_generations
j12051_7_operator_comparison_seed42.csv,j12051_7,42,15,two_point,adjacent_swap,239.0,28.0,8.0,247.0,239.0,8.0,239.0,0.0,100,4584,0,max_generations
j12051_7_operator_comparison_seed42.csv,j12051_7,42,16,two_point,consensus_reorder,243.0,32.0,4.0,247.0,243.0,4.0,243.0,0.0,100,4606,0,max_generations
j12056_1_operator_comparison_seed42.csv,j12056_1,42,1,uniform_order,consensus_reorder,251.0,15.0,22.0,273.0,251.0,22.0,252.78,1.0057832768544126,100,4583,0,max_generations
j12056_1_operator_comparison_seed42.csv,j12056_1,42,2,decuple,insertion_window,251.0,15.0,22.0,273.0,251.0,22.0,251.8,0.4,100,4628,0,max_generations
j12056_1_operator_comparison_seed42.csv,j12056_1,42,3,uniform_order,adjacent_swap,252.0,16.0,21.0,273.0,252.0,21.0,252.0,0.0,100,4571,0,max_generations
j12056_1_operator_comparison_seed42.csv,j12056_1,42,4,decuple,consensus_reorder,254.0,18.0,19.0,273.0,254.0,19.0,254.0,0.0,100,4553,0,max_generations
j12056_1_operator_comparison_seed42.csv,j12056_1,42,5,uniform_order,insertion_window,254.0,18.0,19.0,273.0,254.0,19.0,254.0,0.0,100,4562,0,max_generations
j12056_1_operator_comparison_seed42.csv,j12056_1,42,6,uniform_order,swap,257.0,21.0,16.0,273.0,257.0,16.0,257.0,0.0,100,4587,0,max_generations
j12056_1_operator_comparison_seed42.csv,j12056_1,42,7,decuple,swap,259.0,23.0,14.0,273.0,259.0,14.0,259.0,0.0,100,4641,0,max_generations
j12056_1_operator_comparison_seed42.csv,j12056_1,42,8,decuple,adjacent_swap,261.0,25.0,12.0,273.0,261.0,12.0,261.0,0.0,100,4573,0,max_generations
j12056_1_operator_comparison_seed42.csv,j12056_1,42,9,one_point,swap,261.0,25.0,12.0,273.0,261.0,12.0,261.0,0.0,100,4590,0,max_generations
j12056_1_operator_comparison_seed42.csv,j12056_1,42,10,two_point,consensus_reorder,261.0,25.0,12.0,273.0,261.0,12.0,261.0,0.0,100,4629,0,max_generations
j12056_1_operator_comparison_seed42.csv,j12056_1,42,11,one_point,insertion_window,263.0,27.0,10.0,273.0,263.0,10.0,263.0,0.0,100,4564,0,max_generations
j12056_1_operator_comparison_seed42.csv,j12056_1,42,12,two_point,adjacent_swap,263.0,27.0,10.0,273.0,263.0,10.0,263.0,0.0,100,4584,0,max_generations
j12056_1_operator_comparison_seed42.csv,j12056_1,42,13,two_point,swap,264.0,28.0,9.0,273.0,264.0,9.0,264.0,0.0,100,4596,0,max_generations
j12056_1_operator_comparison_seed42.csv,j12056_1,42,14,two_point,insertion_window,265.0,29.0,8.0,273.0,265.0,8.0,265.0,0.0,100,4599,0,max_generations
j12056_1_operator_comparison_seed42.csv,j12056_1,42,15,one_point,adjacent_swap,265.0,29.0,8.0,273.0,265.0,8.0,265.0,0.0,100,4603,0,max_generations
j12056_1_operator_comparison_seed42.csv,j12056_1,42,16,one_point,consensus_reorder,267.0,31.0,6.0,273.0,267.0,6.0,267.0,0.0,100,4617,0,max_generations
j12056_5_operator_comparison_seed42.csv,j12056_5,42,1,uniform_order,insertion_window,292.0,13.0,23.0,315.0,292.0,23.0,292.0,0.0,100,4592,0,max_generations
j12056_5_operator_comparison_seed42.csv,j12056_5,42,2,uniform_order,consensus_reorder,293.0,14.0,22.0,315.0,293.0,22.0,293.0,0.0,100,4593,0,max_generations
j12056_5_operator_comparison_seed42.csv,j12056_5,42,3,uniform_order,swap,297.0,18.0,18.0,315.0,297.0,18.0,297.0,0.0,100,4587,0,max_generations
j12056_5_operator_comparison_seed42.csv,j12056_5,42,4,decuple,consensus_reorder,299.0,20.0,16.0,315.0,299.0,16.0,299.0,0.0,100,4559,0,max_generations
j12056_5_operator_comparison_seed42.csv,j12056_5,42,5,decuple,swap,299.0,20.0,16.0,315.0,299.0,16.0,299.0,0.0,100,4641,0,max_generations
j12056_5_operator_comparison_seed42.csv,j12056_5,42,6,uniform_order,adjacent_swap,302.0,23.0,13.0,315.0,302.0,13.0,302.0,0.0,100,4571,0,max_generations
j12056_5_operator_comparison_seed42.csv,j12056_5,42,7,decuple,adjacent_swap,304.0,25.0,11.0,315.0,304.0,11.0,304.0,0.0,100,4573,0,max_generations
j12056_5_operator_comparison_seed42.csv,j12056_5,42,8,two_point,insertion_window,307.0,28.0,8.0,315.0,307.0,8.0,307.0,0.0,100,4595,0,max_generations
j12056_5_operator_comparison_seed42.csv,j12056_5,42,9,decuple,insertion_window,307.0,28.0,8.0,315.0,307.0,8.0,307.0,0.0,100,4622,0,max_generations
j12056_5_operator_comparison_seed42.csv,j12056_5,42,10,two_point,adjacent_swap,308.0,29.0,7.0,315.0,308.0,7.0,308.0,0.0,100,4584,0,max_generations
j12056_5_operator_comparison_seed42.csv,j12056_5,42,11,one_point,insertion_window,310.0,31.0,5.0,315.0,310.0,5.0,310.0,0.0,100,4562,0,max_generations
j12056_5_operator_comparison_seed42.csv,j12056_5,42,12,one_point,swap,310.0,31.0,5.0,315.0,310.0,5.0,310.0,0.0,100,4590,0,max_generations
j12056_5_operator_comparison_seed42.csv,j12056_5,42,13,one_point,adjacent_swap,311.0,32.0,4.0,315.0,311.0,4.0,311.0,0.0,100,4603,0,max_generations
j12056_5_operator_comparison_seed42.csv,j12056_5,42,14,two_point,consensus_reorder,311.0,32.0,4.0,315.0,311.0,4.0,311.0,0.0,100,4603,0,max_generations
j12056_5_operator_comparison_seed42.csv,j12056_5,42,15,one_point,consensus_reorder,311.0,32.0,4.0,315.0,311.0,4.0,311.0,0.0,100,4618,0,max_generations
j12056_5_operator_comparison_seed42.csv,j12056_5,42,16,two_point,swap,312.0,33.0,3.0,315.0,312.0,3.0,312.0,0.0,100,4596,0,max_generations
j12056_7_operator_comparison_seed42.csv,j12056_7,42,1,uniform_order,consensus_reorder,290.0,8.0,30.0,320.0,290.0,30.0,290.0,0.0,100,4585,0,max_generations
j12056_7_operator_comparison_seed42.csv,j12056_7,42,2,uniform_order,adjacent_swap,297.0,15.0,23.0,320.0,297.0,23.0,297.0,0.0,100,4571,0,max_generations
j12056_7_operator_comparison_seed42.csv,j12056_7,42,3,decuple,swap,297.0,15.0,23.0,320.0,297.0,23.0,297.0,0.0,100,4641,0,max_generations
j12056_7_operator_comparison_seed42.csv,j12056_7,42,4,decuple,insertion_window,299.0,17.0,21.0,320.0,299.0,21.0,299.0,0.0,100,4599,0,max_generations
j12056_7_operator_comparison_seed42.csv,j12056_7,42,5,uniform_order,swap,300.0,18.0,20.0,320.0,300.0,20.0,300.0,0.0,100,4587,0,max_generations
j12056_7_operator_comparison_seed42.csv,j12056_7,42,6,decuple,adjacent_swap,302.0,20.0,18.0,320.0,302.0,18.0,302.0,0.0,100,4573,0,max_generations
j12056_7_operator_comparison_seed42.csv,j12056_7,42,7,decuple,consensus_reorder,302.0,20.0,18.0,320.0,302.0,18.0,302.0,0.0,100,4597,0,max_generations
j12056_7_operator_comparison_seed42.csv,j12056_7,42,8,uniform_order,insertion_window,303.0,21.0,17.0,320.0,303.0,17.0,303.0,0.0,100,4601,0,max_generations
j12056_7_operator_comparison_seed42.csv,j12056_7,42,9,one_point,insertion_window,308.0,26.0,12.0,320.0,308.0,12.0,308.0,0.0,100,4585,0,max_generations
j12056_7_operator_comparison_seed42.csv,j12056_7,42,10,two_point,consensus_reorder,310.0,28.0,10.0,320.0,310.0,10.0,310.0,0.0,100,4659,0,max_generations
j12056_7_operator_comparison_seed42.csv,j12056_7,42,11,one_point,consensus_reorder,312.0,30.0,8.0,320.0,312.0,8.0,312.0,0.0,100,4582,0,max_generations
j12056_7_operator_comparison_seed42.csv,j12056_7,42,12,two_point,adjacent_swap,312.0,30.0,8.0,320.0,312.0,8.0,312.0,0.0,100,4584,0,max_generations
j12056_7_operator_comparison_seed42.csv,j12056_7,42,13,one_point,swap,312.0,30.0,8.0,320.0,312.0,8.0,312.0,0.0,100,4590,0,max_generations
j12056_7_operator_comparison_seed42.csv,j12056_7,42,14,two_point,swap,312.0,30.0,8.0,320.0,312.0,8.0,312.0,0.0,100,4596,0,max_generations
j12056_7_operator_comparison_seed42.csv,j12056_7,42,15,two_point,insertion_window,316.0,34.0,4.0,320.0,316.0,4.0,316.0,0.0,100,4593,0,max_generations
j12056_7_operator_comparison_seed42.csv,j12056_7,42,16,one_point,adjacent_swap,316.0,34.0,4.0,320.0,316.0,4.0,316.0,0.0,100,4603,0,max_generations
j12056_9_operator_comparison_seed42.csv,j12056_9,42,1,uniform_order,insertion_window,303.0,16.0,26.0,329.0,303.0,26.0,303.98,0.14,100,4646,0,max_generations
j12056_9_operator_comparison_seed42.csv,j12056_9,42,2,decuple,consensus_reorder,303.0,16.0,26.0,329.0,303.0,26.0,303.0,0.0,100,4650,0,max_generations
j12056_9_operator_comparison_seed42.csv,j12056_9,42,3,decuple,swap,307.0,20.0,22.0,329.0,307.0,22.0,308.9,0.36055512754639896,100,4641,0,max_generations
j12056_9_operator_comparison_seed42.csv,j12056_9,42,4,decuple,insertion_window,308.0,21.0,21.0,329.0,308.0,21.0,308.0,0.0,100,4596,0,max_generations
j12056_9_operator_comparison_seed42.csv,j12056_9,42,5,decuple,adjacent_swap,309.0,22.0,20.0,329.0,309.0,20.0,309.0,0.0,100,4573,0,max_generations
j12056_9_operator_comparison_seed42.csv,j12056_9,42,6,uniform_order,swap,309.0,22.0,20.0,329.0,309.0,20.0,316.18,1.8835073665903195,100,4587,0,max_generations
j12056_9_operator_comparison_seed42.csv,j12056_9,42,7,uniform_order,consensus_reorder,311.0,24.0,18.0,329.0,311.0,18.0,311.68,0.46647615158762407,100,4611,0,max_generations
j12056_9_operator_comparison_seed42.csv,j12056_9,42,8,uniform_order,adjacent_swap,312.0,25.0,17.0,329.0,312.0,17.0,315.74,1.0547037498748169,100,4571,0,max_generations
j12056_9_operator_comparison_seed42.csv,j12056_9,42,9,one_point,insertion_window,316.0,29.0,13.0,329.0,316.0,13.0,316.0,0.0,100,4581,0,max_generations
j12056_9_operator_comparison_seed42.csv,j12056_9,42,10,two_point,insertion_window,316.0,29.0,13.0,329.0,316.0,13.0,316.0,0.0,100,4611,0,max_generations
j12056_9_operator_comparison_seed42.csv,j12056_9,42,11,two_point,consensus_reorder,318.0,31.0,11.0,329.0,318.0,11.0,318.0,0.0,100,4618,0,max_generations
j12056_9_operator_comparison_seed42.csv,j12056_9,42,12,two_point,adjacent_swap,319.0,32.0,10.0,329.0,319.0,10.0,319.0,0.0,100,4584,0,max_generations
j12056_9_operator_comparison_seed42.csv,j12056_9,42,13,two_point,swap,319.0,32.0,10.0,329.0,319.0,10.0,319.0,0.0,100,4596,0,max_generations
j12056_9_operator_comparison_seed42.csv,j12056_9,42,14,one_point,consensus_reorder,321.0,34.0,8.0,329.0,321.0,8.0,321.0,0.0,100,4623,0,max_generations
j12056_9_operator_comparison_seed42.csv,j12056_9,42,15,one_point,adjacent_swap,324.0,37.0,5.0,329.0,324.0,5.0,324.0,0.0,100,4603,0,max_generations
j12056_9_operator_comparison_seed42.csv,j12056_9,42,16,one_point,swap,325.0,38.0,4.0,329.0,325.0,4.0,325.0,0.0,100,4590,0,max_generations
